codon1,codon2,probability
AAA,AAA,3.0
AAA,AAC,1.5
AAA,ACA,1.5
AAA,ACC,0.0
AAA,AGC,3.0
AAA,ATC,1.0
AAA,ATG,0.75
AAA,CAA,1.0
AAA,CAC,1.5
AAA,CCA,2.0
AAA,CGT,1.5
AAA,CTA,3.0
AAA,CTC,3.0
AAA,CTG,3.0
AAA,GAA,1.5
AAA,GAC,1.5
AAA,GCA,1.2
AAA,GGA,1.5
AAA,GGC,1.5
AAA,GTA,1.5
AAA,TAC,0.0
AAA,TCA,3.0
AAA,TCC,0.0
AAA,TGC,0.0
AAA,TGG,0.0
AAA,TTA,2.0
AAA,TTC,2.0
AAA,TTG,0.0
AAC,AAA,1.5
AAC,AAC,3.0
AAC,ACA,1.5
AAC,ACC,3.0
AAC,AGC,3.0
AAC,ATC,1.0
AAC,ATG,1.5
AAC,CAA,2.0
AAC,CAC,3.0
AAC,CCA,2.0
AAC,CGT,1.5
AAC,CTA,1.5
AAC,CTC,3.0
AAC,CTG,3.0
AAC,GAA,1.5
AAC,GAC,1.5
AAC,GCA,1.2
AAC,GGA,1.5
AAC,GGC,2.25
AAC,GTA,1.5
AAC,TAC,1.5
AAC,TCA,3.0
AAC,TCC,3.0
AAC,TGC,3.0
AAC,TGG,3.0
AAC,TTA,2.0
AAC,TTC,2.0
AAC,TTG,3.0
ACA,AAA,1.5
ACA,AAC,1.5
ACA,ACA,3.0
ACA,ACC,0.0
ACA,AGC,1.5
ACA,ATC,1.0
ACA,ATG,1.5
ACA,CAA,2.0
ACA,CAC,3.0
ACA,CCA,2.0
ACA,CGT,1.5
ACA,CTA,1.5
ACA,CTC,0.0
ACA,CTG,3.0
ACA,GAA,1.5
ACA,GAC,1.5
ACA,GCA,1.2
ACA,GGA,1.5
ACA,GGC,2.25
ACA,GTA,3.0
ACA,TAC,3.0
ACA,TCA,3.0
ACA,TCC,3.0
ACA,TGC,3.0
ACA,TGG,3.0
ACA,TTA,3.0
ACA,TTC,2.0
ACA,TTG,3.0
ACC,AAA,0.0
ACC,AAC,3.0
ACC,ACA,0.0
ACC,ACC,12.0
ACC,AGC,0.0
ACC,ATC,0.0
ACC,ATG,0.0
ACC,CAA,0.0
ACC,CAC,0.0
ACC,CCA,4.0
ACC,CGT,3.0
ACC,CTA,0.0
ACC,CTC,0.0
ACC,CTG,0.0
ACC,GAA,0.0
ACC,GAC,0.0
ACC,GCA,2.4
ACC,GGA,0.0
ACC,GGC,3.0
ACC,GTA,0.0
ACC,TAC,0.0
ACC,TCA,0.0
ACC,TCC,0.0
ACC,TGC,0.0
ACC,TGG,0.0
ACC,TTA,0.0
ACC,TTC,0.0
ACC,TTG,0.0
AGC,AAA,3.0
AGC,AAC,3.0
AGC,ACA,1.5
AGC,ACC,0.0
AGC,AGC,6.0
AGC,ATC,2.0
AGC,ATG,1.5
AGC,CAA,2.0
AGC,CAC,3.0
AGC,CCA,2.0
AGC,CGT,1.5
AGC,CTA,3.0
AGC,CTC,6.0
AGC,CTG,6.0
AGC,GAA,2.0
AGC,GAC,1.5
AGC,GCA,1.2
AGC,GGA,3.0
AGC,GGC,1.5
AGC,GTA,1.5
AGC,TAC,0.0
AGC,TCA,6.0
AGC,TCC,0.0
AGC,TGC,0.0
AGC,TGG,0.0
AGC,TTA,2.0
AGC,TTC,2.0
AGC,TTG,0.0
ATC,AAA,1.0
ATC,AAC,1.0
ATC,ACA,1.0
ATC,ACC,0.0
ATC,AGC,2.0
ATC,ATC,4.0
ATC,ATG,1.0
ATC,CAA,0.0
ATC,CAC,2.0
ATC,CCA,1.3333333333333333
ATC,CGT,1.0
ATC,CTA,0.0
ATC,CTC,0.0
ATC,CTG,4.0
ATC,GAA,0.6666666666666666
ATC,GAC,1.0
ATC,GCA,2.4
ATC,GGA,2.0
ATC,GGC,1.0
ATC,GTA,1.0
ATC,TAC,0.0
ATC,TCA,4.0
ATC,TCC,0.0
ATC,TGC,0.0
ATC,TGG,0.0
ATC,TTA,1.3333333333333333
ATC,TTC,1.3333333333333333
ATC,TTG,0.0
ATG,AAA,0.75
ATG,AAC,1.5
ATG,ACA,1.5
ATG,ACC,0.0
ATG,AGC,1.5
ATG,ATC,1.0
ATG,ATG,3.0
ATG,CAA,1.0
ATG,CAC,3.0
ATG,CCA,1.0
ATG,CGT,0.75
ATG,CTA,0.0
ATG,CTC,0.0
ATG,CTG,3.0
ATG,GAA,1.5
ATG,GAC,2.25
ATG,GCA,0.6
ATG,GGA,1.5
ATG,GGC,1.5
ATG,GTA,1.5
ATG,TAC,1.5
ATG,TCA,3.0
ATG,TCC,3.0
ATG,TGC,3.0
ATG,TGG,3.0
ATG,TTA,2.0
ATG,TTC,2.0
ATG,TTG,3.0
CAA,AAA,1.0
CAA,AAC,2.0
CAA,ACA,2.0
CAA,ACC,0.0
CAA,AGC,2.0
CAA,ATC,0.0
CAA,ATG,1.0
CAA,CAA,4.0
CAA,CAC,2.0
CAA,CCA,0.0
CAA,CGT,0.0
CAA,CTA,2.0
CAA,CTC,4.0
CAA,CTG,0.0
CAA,GAA,2.0
CAA,GAC,1.0
CAA,GCA,0.0
CAA,GGA,0.0
CAA,GGC,1.0
CAA,GTA,2.0
CAA,TAC,4.0
CAA,TCA,0.0
CAA,TCC,4.0
CAA,TGC,4.0
CAA,TGG,4.0
CAA,TTA,1.3333333333333333
CAA,TTC,1.3333333333333333
CAA,TTG,4.0
CAC,AAA,1.5
CAC,AAC,3.0
CAC,ACA,3.0
CAC,ACC,0.0
CAC,AGC,3.0
CAC,ATC,2.0
CAC,ATG,3.0
CAC,CAA,2.0
CAC,CAC,6.0
CAC,CCA,2.0
CAC,CGT,1.5
CAC,CTA,0.0
CAC,CTC,0.0
CAC,CTG,6.0
CAC,GAA,2.0
CAC,GAC,3.0
CAC,GCA,1.2
CAC,GGA,3.0
CAC,GGC,3.0
CAC,GTA,3.0
CAC,TAC,3.0
CAC,TCA,6.0
CAC,TCC,6.0
CAC,TGC,6.0
CAC,TGG,6.0
CAC,TTA,4.0
CAC,TTC,4.0
CAC,TTG,6.0
CCA,AAA,2.0
CCA,AAC,2.0
CCA,ACA,2.0
CCA,ACC,4.0
CCA,AGC,2.0
CCA,ATC,1.3333333333333333
CCA,ATG,1.0
CCA,CAA,0.0
CCA,CAC,2.0
CCA,CCA,4.0
CCA,CGT,3.0
CCA,CTA,2.0
CCA,CTC,0.0
CCA,CTG,4.0
CCA,GAA,0.6666666666666666
CCA,GAC,1.0
CCA,GCA,2.4
CCA,GGA,2.0
CCA,GGC,3.0
CCA,GTA,2.0
CCA,TAC,0.0
CCA,TCA,4.0
CCA,TCC,0.0
CCA,TGC,0.0
CCA,TGG,0.0
CCA,TTA,2.6666666666666665
CCA,TTC,1.3333333333333333
CCA,TTG,0.0
CGT,AAA,1.5
CGT,AAC,1.5
CGT,ACA,1.5
CGT,ACC,3.0
CGT,AGC,1.5
CGT,ATC,1.0
CGT,ATG,0.75
CGT,CAA,0.0
CGT,CAC,1.5
CGT,CCA,3.0
CGT,CGT,3.0
CGT,CTA,1.5
CGT,CTC,0.0
CGT,CTG,3.0
CGT,GAA,0.5
CGT,GAC,0.75
CGT,GCA,1.7999999999999998
CGT,GGA,3.0
CGT,GGC,2.25
CGT,GTA,1.5
CGT,TAC,0.0
CGT,TCA,3.0
CGT,TCC,0.0
CGT,TGC,0.0
CGT,TGG,0.0
CGT,TTA,2.0
CGT,TTC,1.0
CGT,TTG,0.0
CTA,AAA,3.0
CTA,AAC,1.5
CTA,ACA,1.5
CTA,ACC,0.0
CTA,AGC,3.0
CTA,ATC,0.0
CTA,ATG,0.0
CTA,CAA,2.0
CTA,CAC,0.0
CTA,CCA,2.0
CTA,CGT,1.5
CTA,CTA,6.0
CTA,CTC,6.0
CTA,CTG,0.0
CTA,GAA,1.0
CTA,GAC,0.0
CTA,GCA,1.2
CTA,GGA,0.0
CTA,GGC,1.5
CTA,GTA,1.5
CTA,TAC,0.0
CTA,TCA,0.0
CTA,TCC,0.0
CTA,TGC,0.0
CTA,TGG,0.0
CTA,TTA,2.0
CTA,TTC,0.0
CTA,TTG,0.0
CTC,AAA,3.0
CTC,AAC,3.0
CTC,ACA,0.0
CTC,ACC,0.0
CTC,AGC,6.0
CTC,ATC,0.0
CTC,ATG,0.0
CTC,CAA,4.0
CTC,CAC,0.0
CTC,CCA,0.0
CTC,CGT,0.0
CTC,CTA,6.0
CTC,CTC,12.0
CTC,CTG,0.0
CTC,GAA,2.0
CTC,GAC,0.0
CTC,GCA,0.0
CTC,GGA,0.0
CTC,GGC,0.0
CTC,GTA,0.0
CTC,TAC,0.0
CTC,TCA,0.0
CTC,TCC,0.0
CTC,TGC,0.0
CTC,TGG,0.0
CTC,TTA,0.0
CTC,TTC,0.0
CTC,TTG,0.0
CTG,AAA,3.0
CTG,AAC,3.0
CTG,ACA,3.0
CTG,ACC,0.0
CTG,AGC,6.0
CTG,ATC,4.0
CTG,ATG,3.0
CTG,CAA,0.0
CTG,CAC,6.0
CTG,CCA,4.0
CTG,CGT,3.0
CTG,CTA,0.0
CTG,CTC,0.0
CTG,CTG,12.0
CTG,GAA,2.0
CTG,GAC,3.0
CTG,GCA,2.4
CTG,GGA,6.0
CTG,GGC,3.0
CTG,GTA,3.0
CTG,TAC,0.0
CTG,TCA,12.0
CTG,TCC,0.0
CTG,TGC,0.0
CTG,TGG,0.0
CTG,TTA,4.0
CTG,TTC,4.0
CTG,TTG,0.0
GAA,AAA,1.5
GAA,AAC,1.5
GAA,ACA,1.5
GAA,ACC,0.0
GAA,AGC,2.0
GAA,ATC,0.6666666666666666
GAA,ATG,1.5
GAA,CAA,2.0
GAA,CAC,2.0
GAA,CCA,0.6666666666666666
GAA,CGT,0.5
GAA,CTA,1.0
GAA,CTC,2.0
GAA,CTG,2.0
GAA,GAA,2.0
GAA,GAC,1.5
GAA,GCA,0.39999999999999997
GAA,GGA,1.0
GAA,GGC,1.0
GAA,GTA,1.5
GAA,TAC,2.0
GAA,TCA,2.0
GAA,TCC,2.0
GAA,TGC,2.0
GAA,TGG,2.0
GAA,TTA,1.3333333333333333
GAA,TTC,2.0
GAA,TTG,2.0
GAC,AAA,1.5
GAC,AAC,1.5
GAC,ACA,1.5
GAC,ACC,0.0
GAC,AGC,1.5
GAC,ATC,1.0
GAC,ATG,2.25
GAC,CAA,1.0
GAC,CAC,3.0
GAC,CCA,1.0
GAC,CGT,0.75
GAC,CTA,0.0
GAC,CTC,0.0
GAC,CTG,3.0
GAC,GAA,1.5
GAC,GAC,3.0
GAC,GCA,0.6
GAC,GGA,1.5
GAC,GGC,1.5
GAC,GTA,1.5
GAC,TAC,1.5
GAC,TCA,3.0
GAC,TCC,3.0
GAC,TGC,3.0
GAC,TGG,3.0
GAC,TTA,2.0
GAC,TTC,3.0
GAC,TTG,3.0
GCA,AAA,1.2
GCA,AAC,1.2
GCA,ACA,1.2
GCA,ACC,2.4
GCA,AGC,1.2
GCA,ATC,2.4
GCA,ATG,0.6
GCA,CAA,0.0
GCA,CAC,1.2
GCA,CCA,2.4
GCA,CGT,1.7999999999999998
GCA,CTA,1.2
GCA,CTC,0.0
GCA,CTG,2.4
GCA,GAA,0.39999999999999997
GCA,GAC,0.6
GCA,GCA,2.4
GCA,GGA,1.2
GCA,GGC,1.7999999999999998
GCA,GTA,1.2
GCA,TAC,0.0
GCA,TCA,2.4
GCA,TCC,0.0
GCA,TGC,0.0
GCA,TGG,0.0
GCA,TTA,1.5999999999999999
GCA,TTC,0.7999999999999999
GCA,TTG,0.0
GGA,AAA,1.5
GGA,AAC,1.5
GGA,ACA,1.5
GGA,ACC,0.0
GGA,AGC,3.0
GGA,ATC,2.0
GGA,ATG,1.5
GGA,CAA,0.0
GGA,CAC,3.0
GGA,CCA,2.0
GGA,CGT,3.0
GGA,CTA,0.0
GGA,CTC,0.0
GGA,CTG,6.0
GGA,GAA,1.0
GGA,GAC,1.5
GGA,GCA,1.2
GGA,GGA,6.0
GGA,GGC,1.5
GGA,GTA,1.5
GGA,TAC,0.0
GGA,TCA,6.0
GGA,TCC,0.0
GGA,TGC,0.0
GGA,TGG,0.0
GGA,TTA,2.0
GGA,TTC,2.0
GGA,TTG,0.0
GGC,AAA,1.5
GGC,AAC,2.25
GGC,ACA,2.25
GGC,ACC,3.0
GGC,AGC,1.5
GGC,ATC,1.0
GGC,ATG,1.5
GGC,CAA,1.0
GGC,CAC,3.0
GGC,CCA,3.0
GGC,CGT,2.25
GGC,CTA,1.5
GGC,CTC,0.0
GGC,CTG,3.0
GGC,GAA,1.0
GGC,GAC,1.5
GGC,GCA,1.7999999999999998
GGC,GGA,1.5
GGC,GGC,3.0
GGC,GTA,2.25
GGC,TAC,1.5
GGC,TCA,3.0
GGC,TCC,3.0
GGC,TGC,3.0
GGC,TGG,3.0
GGC,TTA,3.0
GGC,TTC,2.0
GGC,TTG,3.0
GTA,AAA,1.5
GTA,AAC,1.5
GTA,ACA,3.0
GTA,ACC,0.0
GTA,AGC,1.5
GTA,ATC,1.0
GTA,ATG,1.5
GTA,CAA,2.0
GTA,CAC,3.0
GTA,CCA,2.0
GTA,CGT,1.5
GTA,CTA,1.5
GTA,CTC,0.0
GTA,CTG,3.0
GTA,GAA,1.5
GTA,GAC,1.5
GTA,GCA,1.2
GTA,GGA,1.5
GTA,GGC,2.25
GTA,GTA,3.0
GTA,TAC,3.0
GTA,TCA,3.0
GTA,TCC,3.0
GTA,TGC,3.0
GTA,TGG,3.0
GTA,TTA,3.0
GTA,TTC,2.0
GTA,TTG,3.0
TAC,AAA,0.0
TAC,AAC,1.5
TAC,ACA,3.0
TAC,ACC,0.0
TAC,AGC,0.0
TAC,ATC,0.0
TAC,ATG,1.5
TAC,CAA,4.0
TAC,CAC,3.0
TAC,CCA,0.0
TAC,CGT,0.0
TAC,CTA,0.0
TAC,CTC,0.0
TAC,CTG,0.0
TAC,GAA,2.0
TAC,GAC,1.5
TAC,GCA,0.0
TAC,GGA,0.0
TAC,GGC,1.5
TAC,GTA,3.0
TAC,TAC,6.0
TAC,TCA,0.0
TAC,TCC,6.0
TAC,TGC,6.0
TAC,TGG,6.0
TAC,TTA,2.0
TAC,TTC,2.0
TAC,TTG,6.0
TCA,AAA,3.0
TCA,AAC,3.0
TCA,ACA,3.0
TCA,ACC,0.0
TCA,AGC,6.0
TCA,ATC,4.0
TCA,ATG,3.0
TCA,CAA,0.0
TCA,CAC,6.0
TCA,CCA,4.0
TCA,CGT,3.0
TCA,CTA,0.0
TCA,CTC,0.0
TCA,CTG,12.0
TCA,GAA,2.0
TCA,GAC,3.0
TCA,GCA,2.4
TCA,GGA,6.0
TCA,GGC,3.0
TCA,GTA,3.0
TCA,TAC,0.0
TCA,TCA,12.0
TCA,TCC,0.0
TCA,TGC,0.0
TCA,TGG,0.0
TCA,TTA,4.0
TCA,TTC,4.0
TCA,TTG,0.0
TCC,AAA,0.0
TCC,AAC,3.0
TCC,ACA,3.0
TCC,ACC,0.0
TCC,AGC,0.0
TCC,ATC,0.0
TCC,ATG,3.0
TCC,CAA,4.0
TCC,CAC,6.0
TCC,CCA,0.0
TCC,CGT,0.0
TCC,CTA,0.0
TCC,CTC,0.0
TCC,CTG,0.0
TCC,GAA,2.0
TCC,GAC,3.0
TCC,GCA,0.0
TCC,GGA,0.0
TCC,GGC,3.0
TCC,GTA,3.0
TCC,TAC,6.0
TCC,TCA,0.0
TCC,TCC,12.0
TCC,TGC,12.0
TCC,TGG,12.0
TCC,TTA,4.0
TCC,TTC,4.0
TCC,TTG,12.0
TGC,AAA,0.0
TGC,AAC,3.0
TGC,ACA,3.0
TGC,ACC,0.0
TGC,AGC,0.0
TGC,ATC,0.0
TGC,ATG,3.0
TGC,CAA,4.0
TGC,CAC,6.0
TGC,CCA,0.0
TGC,CGT,0.0
TGC,CTA,0.0
TGC,CTC,0.0
TGC,CTG,0.0
TGC,GAA,2.0
TGC,GAC,3.0
TGC,GCA,0.0
TGC,GGA,0.0
TGC,GGC,3.0
TGC,GTA,3.0
TGC,TAC,6.0
TGC,TCA,0.0
TGC,TCC,12.0
TGC,TGC,12.0
TGC,TGG,12.0
TGC,TTA,4.0
TGC,TTC,4.0
TGC,TTG,12.0
TGG,AAA,0.0
TGG,AAC,3.0
TGG,ACA,3.0
TGG,ACC,0.0
TGG,AGC,0.0
TGG,ATC,0.0
TGG,ATG,3.0
TGG,CAA,4.0
TGG,CAC,6.0
TGG,CCA,0.0
TGG,CGT,0.0
TGG,CTA,0.0
TGG,CTC,0.0
TGG,CTG,0.0
TGG,GAA,2.0
TGG,GAC,3.0
TGG,GCA,0.0
TGG,GGA,0.0
TGG,GGC,3.0
TGG,GTA,3.0
TGG,TAC,6.0
TGG,TCA,0.0
TGG,TCC,12.0
TGG,TGC,12.0
TGG,TGG,12.0
TGG,TTA,4.0
TGG,TTC,4.0
TGG,TTG,12.0
TTA,AAA,2.0
TTA,AAC,2.0
TTA,ACA,3.0
TTA,ACC,0.0
TTA,AGC,2.0
TTA,ATC,1.3333333333333333
TTA,ATG,2.0
TTA,CAA,1.3333333333333333
TTA,CAC,4.0
TTA,CCA,2.6666666666666665
TTA,CGT,2.0
TTA,CTA,2.0
TTA,CTC,0.0
TTA,CTG,4.0
TTA,GAA,1.3333333333333333
TTA,GAC,2.0
TTA,GCA,1.5999999999999999
TTA,GGA,2.0
TTA,GGC,3.0
TTA,GTA,3.0
TTA,TAC,2.0
TTA,TCA,4.0
TTA,TCC,4.0
TTA,TGC,4.0
TTA,TGG,4.0
TTA,TTA,4.0
TTA,TTC,2.6666666666666665
TTA,TTG,4.0
TTC,AAA,2.0
TTC,AAC,2.0
TTC,ACA,2.0
TTC,ACC,0.0
TTC,AGC,2.0
TTC,ATC,1.3333333333333333
TTC,ATG,2.0
TTC,CAA,1.3333333333333333
TTC,CAC,4.0
TTC,CCA,1.3333333333333333
TTC,CGT,1.0
TTC,CTA,0.0
TTC,CTC,0.0
TTC,CTG,4.0
TTC,GAA,2.0
TTC,GAC,3.0
TTC,GCA,0.7999999999999999
TTC,GGA,2.0
TTC,GGC,2.0
TTC,GTA,2.0
TTC,TAC,2.0
TTC,TCA,4.0
TTC,TCC,4.0
TTC,TGC,4.0
TTC,TGG,4.0
TTC,TTA,2.6666666666666665
TTC,TTC,4.0
TTC,TTG,4.0
TTG,AAA,0.0
TTG,AAC,3.0
TTG,ACA,3.0
TTG,ACC,0.0
TTG,AGC,0.0
TTG,ATC,0.0
TTG,ATG,3.0
TTG,CAA,4.0
TTG,CAC,6.0
TTG,CCA,0.0
TTG,CGT,0.0
TTG,CTA,0.0
TTG,CTC,0.0
TTG,CTG,0.0
TTG,GAA,2.0
TTG,GAC,3.0
TTG,GCA,0.0
TTG,GGA,0.0
TTG,GGC,3.0
TTG,GTA,3.0
TTG,TAC,6.0
TTG,TCA,0.0
TTG,TCC,12.0
TTG,TGC,12.0
TTG,TGG,12.0
TTG,TTA,4.0
TTG,TTC,4.0
TTG,TTG,12.0
